GND,Reclam_Autor,Reclam_tokens_Summe,Reclam_types_Summe,Reclam_UBs
https://d-nb.info/gnd/129399639,"Adam, Olivier ",1.0,1.0,UB 19723
https://d-nb.info/gnd/119033364,"Adams, Douglas ",1.0,1.0,UB 19744
https://d-nb.info/gnd/118500856,Aeschylus ,7.0,7.0,UB 508 + UB 510 + UB 19434 + UB 19467 + UB 988 + UB 19535 + UB 14034
https://d-nb.info/gnd/118647180,Aesopus ,3.0,1.0,UB 18297 + UB 18297 + UB 18297
https://d-nb.info/gnd/132708884,"Agus, Milena ",1.0,1.0,UB 19820
https://d-nb.info/gnd/123064945,"Aiolli, Valerio ",1.0,1.0,UB 20055
https://d-nb.info/gnd/118501380,"Albee, Edward ",1.0,1.0,UB 9073
https://d-nb.info/gnd/118869159,"Allende, Isabel ",1.0,1.0,UB 9131
https://d-nb.info/gnd/119278472,"Almodóvar, Pedro ",2.0,1.0,UB 9135 + UB 9135
https://d-nb.info/gnd/123176166,"Alt, Sabine ",3.0,3.0,UB 20003 + UB 20026 + UB 20058
https://d-nb.info/gnd/120825074,"Ammaniti, Niccolò ",3.0,2.0,UB 19736 + UB 19736 + UB 19844
https://d-nb.info/gnd/118502786,"Andersch, Alfred ",1.0,1.0,UB 9892
https://d-nb.info/gnd/118502794,"Andersen, Hans Christian ",4.0,4.0,UB 690 + UB 14207 + UB 14178 + UB 14421
https://d-nb.info/gnd/1307416098,"Andkohiy, Asin ",1.0,1.0,UB 14458
https://d-nb.info/gnd/118502921,"Andreas-Salomé, Lou ",1.0,1.0,UB 14374
https://d-nb.info/gnd/118503111,"Angelus, Silesius ",1.0,1.0,UB 8006
https://d-nb.info/gnd/118503251,"Anouilh, Jean ",1.0,1.0,UB 9126
https://d-nb.info/gnd/118503677,"Apollonius, Rhodius ",3.0,1.0,UB 18231 + UB 18231 + UB 18231
https://d-nb.info/gnd/11850374X,"Apuleius, Madaurensis ",2.0,1.0,UB 486 + UB 486
https://d-nb.info/gnd/118503855,Archilochus ,1.0,1.0,UB 14168
https://d-nb.info/gnd/118503987,Aristophanes ,12.0,9.0,UB 18305 + UB 18664 + UB 18928 + UB 18791 + UB 19005 + UB 19130 + UB 19263 + UB 19263 + UB 19356 + UB 18664 + UB 19480 + UB 19130
https://d-nb.info/gnd/118504177,"Arnim, Achim von ",1.0,1.0,UB 8894
https://d-nb.info/gnd/118829211,"Ausländer, Rose ",1.0,1.0,UB 8959
https://d-nb.info/gnd/118505165,"Ausonius, Decimus Magnus ",2.0,2.0,UB 18027 + UB 19183
https://d-nb.info/gnd/118505173,"Austen, Jane ",12.0,10.0,UB 9871 + UB 1730 + UB 1729 + UB 20008 + UB 20054 + UB 20036 + UB 20061 + UB 18516 + UB 18856 + UB 9871 + UB 9871 + UB 14345
https://d-nb.info/gnd/11910251X,"Auster, Paul ",2.0,2.0,UB 9083 + UB 9078
https://d-nb.info/gnd/118651293,"Aymé, Marcel ",1.0,1.0,UB 9179
https://d-nb.info/gnd/11850553X,"Bach, Johann Sebastian ",1.0,1.0,UB 18063
https://d-nb.info/gnd/118505696,"Bacon, Francis ",3.0,1.0,UB 6645 + UB 6645 + UB 6645
https://d-nb.info/gnd/1324565837,"Bah, Ibrahim ",1.0,1.0,UB 14517
https://d-nb.info/gnd/118506358,"Balzac, Honoré de ",3.0,2.0,UB 9159 + UB 9159 + UB 19093
https://d-nb.info/gnd/115743030,"Baricco, Alessandro ",3.0,2.0,UB 19734 + UB 19842 + UB 19734
https://d-nb.info/gnd/118507184,"Baudelaire, Charles ",5.0,4.0,UB 18556 + UB 5076 + UB 19217 + UB 14090 + UB 14090
https://d-nb.info/gnd/119196476,"Baum, L. Frank ",1.0,1.0,UB 9001
https://d-nb.info/gnd/118508172,"Beckett, Samuel ",1.0,1.0,UB 9214
https://d-nb.info/gnd/139335846,"Benchetrit, Samuel ",1.0,1.0,UB 19832
https://d-nb.info/gnd/118908782,"Benigni, Roberto  + Cerami, Vincenzo ",1.0,1.0,UB 19768
https://d-nb.info/gnd/119364298,"Benigni, Roberto  + Cerami, Vincenzo ",1.0,1.0,UB 19768
https://d-nb.info/gnd/118509047,"Benn, Gottfried ",5.0,3.0,UB 8480 + UB 8480 + UB 9750 + UB 8840 + UB 8480
https://d-nb.info/gnd/119201224,"Bennett, Alan ",1.0,1.0,UB 19762
https://d-nb.info/gnd/119337266,"Benni, Stefano ",1.0,1.0,UB 19764
https://d-nb.info/gnd/124742823,"Berg, Sibylle ",1.0,1.0,UB 11107
https://d-nb.info/gnd/115690115,"Beuse, Stefan ",1.0,1.0,UB 1699
https://d-nb.info/gnd/118510665,"Bidermann, Jakob ",2.0,2.0,UB 8958 + UB 14011
https://d-nb.info/gnd/118510789,"Biermann, Wolf ",1.0,1.0,UB 18068
https://d-nb.info/gnd/118851055,"Bloch, Robert ",1.0,1.0,UB 9066
https://d-nb.info/gnd/11851217X,"Boccaccio, Giovanni ",4.0,3.0,UB 8449 + UB 19792 + UB 9341 + UB 8449
https://d-nb.info/gnd/118641271,"Boileau, Pierre  + Narcejac, Thomas ",1.0,1.0,UB 9269
https://d-nb.info/gnd/118637908,"Boileau, Pierre  + Narcejac, Thomas ",1.0,1.0,UB 9269
https://d-nb.info/gnd/1130876535,Bonaventura ,2.0,1.0,UB 8926 + UB 8926
https://d-nb.info/gnd/118513451,"Borchert, Wolfgang ",2.0,2.0,UB 19466 + UB 14412
https://d-nb.info/gnd/118513532,"Borges, Jorge Luis ",3.0,2.0,UB 19788 + UB 9497 + UB 9497
https://d-nb.info/gnd/119520478,"Boyle, T. Coraghessan ",1.0,1.0,UB 9149
https://d-nb.info/gnd/12851325X,"Brandt, Matthias ",1.0,1.0,UB 14367
https://d-nb.info/gnd/118514474,"Brant, Sebastian ",3.0,2.0,UB 18333 + UB 18333 + UB 899
https://d-nb.info/gnd/118515055,"Brentano, Clemens ",2.0,2.0,UB 411 + UB 8669
https://d-nb.info/gnd/118515470,"Brinkmann, Rolf Dieter ",1.0,1.0,UB 9311
https://d-nb.info/gnd/118638009,"Brontë, Charlotte ",1.0,1.0,UB 18920
https://d-nb.info/gnd/118638017,"Brontë, Emily ",1.0,1.0,UB 20128
https://d-nb.info/gnd/119130580,"Brouwers, Jeroen ",1.0,1.0,UB 20084
https://d-nb.info/gnd/120662515,"Bryson, Bill ",1.0,1.0,UB 9134
https://d-nb.info/gnd/120023024,"Brömme, Bettina ",1.0,1.0,UB 1681
https://d-nb.info/gnd/129812552,"Bucay, Jorge ",2.0,1.0,UB 19732 + UB 19732
https://d-nb.info/gnd/128923288,"Buggert, Christoph ",1.0,1.0,UB 20087
https://d-nb.info/gnd/118517376,"Bulgakov, Michail ",1.0,1.0,UB 19837
https://d-nb.info/gnd/118638092,"Burgess, Anthony ",1.0,1.0,UB 9281
https://d-nb.info/gnd/118517880,"Busch, Wilhelm ",22.0,18.0,UB 18030 + UB 18080 + UB 18099 + UB 18098 + UB 18517 + UB 18526 + UB 18677 + UB 18895 + UB 18819 + UB 18218 + UB 18879 + UB 18758 + UB 9432 + UB 9488 + UB 18677 + UB 18959 + UB 8843 + UB 18099 + UB 18098 + UB 19286 + UB 18030 + UB 14346
https://d-nb.info/gnd/124313787,"Buten, Howard ",1.0,1.0,UB 9100
https://d-nb.info/gnd/11890423X,"Bécquer, Gustavo Adolfo ",1.0,1.0,UB 19104
https://d-nb.info/gnd/118512676,"Böll, Heinrich ",1.0,1.0,UB 8287
https://d-nb.info/gnd/118516906,"Büchner, Georg ",17.0,11.0,UB 7733 + UB 7733 + UB 7955 + UB 6060 + UB 18248 + UB 18420 + UB 18007 + UB 8210 + UB 7955 + UB 6060 + UB 7955 + UB 6060 + UB 18248 + UB 19176 + UB 14323 + UB 14391 + UB 14368
https://d-nb.info/gnd/118517104,"Bürger, Gottfried August ",1.0,1.0,UB 121
https://d-nb.info/gnd/118518275,"Caesar, Gaius Iulius ",1.0,1.0,UB 18567
https://d-nb.info/gnd/118518399,"Calderón de la Barca, Pedro ",3.0,3.0,UB 18583 + UB 19007 + UB 7850
https://d-nb.info/gnd/118518542,"Calvino, Italo ",1.0,1.0,UB 19795
https://d-nb.info/gnd/118518739,"Camus, Albert ",2.0,1.0,UB 9169 + UB 9169
https://d-nb.info/gnd/118518992,"Capote, Truman ",1.0,1.0,UB 9110
https://d-nb.info/gnd/11851928X,"Carroll, Lewis ",4.0,3.0,UB 9747 + UB 9747 + UB 9746 + UB 9433
https://d-nb.info/gnd/118853627,"Carver, Raymond ",1.0,1.0,UB 9079
https://d-nb.info/gnd/118519417,"Casanova, Giacomo Girolamo ",1.0,1.0,UB 19422
https://d-nb.info/gnd/118519719,"Catullus, Gaius Valerius ",6.0,2.0,UB 9395 + UB 9395 + UB 19800 + UB 9395 + UB 9395 + UB 9395
https://d-nb.info/gnd/11407898X,"Cauwelaert, Didier van ",1.0,1.0,UB 9109
https://d-nb.info/gnd/11851993X,"Cervantes Saavedra, Miguel de ",1.0,1.0,UB 19710
https://d-nb.info/gnd/118520040,"Chamisso, Adelbert von ",4.0,1.0,UB 93 + UB 93 + UB 93 + UB 93
https://d-nb.info/gnd/118520199,"Charms, Daniil ",1.0,1.0,UB 19073
https://d-nb.info/gnd/118520245,"Chaucer, Geoffrey ",1.0,1.0,UB 7744
https://d-nb.info/gnd/118520393,"Chesterton, G. K. ",1.0,1.0,UB 1698
https://d-nb.info/gnd/118520547,"Chrétien, de Troyes ",1.0,1.0,UB 8360
https://d-nb.info/gnd/118520792,"Cibulka, Hanns ",2.0,2.0,UB 1700 + UB 20083
https://d-nb.info/gnd/118520814,"Cicero, Marcus Tullius ",4.0,3.0,UB 18273 + UB 9928 + UB 19807 + UB 9928
https://d-nb.info/gnd/118521098,"Claudius, Matthias ",1.0,1.0,UB 1691
https://d-nb.info/gnd/11911609X,"Cleese, John  + Booth, Connie ",1.0,1.0,UB 9042
https://d-nb.info/gnd/114950881,"Cleese, John  + Booth, Connie ",1.0,1.0,UB 9042
https://d-nb.info/gnd/118895117,"Coetzee, J. M. ",1.0,1.0,UB 19774
https://d-nb.info/gnd/118669788,"Collodi, Carlo ",1.0,1.0,UB 19749
https://d-nb.info/gnd/118564994,"Colombo, Cristoforo ",1.0,1.0,UB 18079
https://d-nb.info/gnd/118521861,"Conrad, Joseph ",2.0,2.0,UB 20135 + UB 8714
https://d-nb.info/gnd/118522620,"Crane, Stephen ",1.0,1.0,UB 9289
https://d-nb.info/gnd/118503243,"D'Annunzio, Gabriele ",1.0,1.0,UB 9346
https://d-nb.info/gnd/120259885,"Daeninckx, Didier ",1.0,1.0,UB 19728
https://d-nb.info/gnd/118630962,"Dahl, Roald ",2.0,1.0,UB 9080 + UB 9080
https://d-nb.info/gnd/118523708,"Dante, Alighieri ",3.0,3.0,UB 9813 + UB 796 + UB 19216
https://d-nb.info/gnd/118915835,"De Crescenzo, Luciano ",1.0,1.0,UB 19747
https://d-nb.info/gnd/118524275,"Defoe, Daniel ",3.0,2.0,UB 7611 + UB 19913 + UB 7611
https://d-nb.info/gnd/120386712,"Delerm, Philippe ",3.0,2.0,UB 19722 + UB 19722 + UB 19867
https://d-nb.info/gnd/118619284,Der Stricker ,2.0,2.0,UB 18821 + UB 658
https://d-nb.info/gnd/118525239,"Dickens, Charles ",6.0,5.0,UB 18740 + UB 18740 + UB 14039 + UB 19989 + UB 14309 + UB 14423
https://d-nb.info/gnd/118525255,"Dickinson, Emily ",2.0,2.0,UB 7908 + UB 14016
https://d-nb.info/gnd/118525263,"Diderot, Denis ",1.0,1.0,UB 9335
https://d-nb.info/gnd/121633667,"Disher, Garry ",1.0,1.0,UB 9101
https://d-nb.info/gnd/119123754,"Dorfman, Ariel ",2.0,1.0,UB 9143 + UB 9143
https://d-nb.info/gnd/118527053,"Dostoevskij, Fëdor Michajlovič ",19.0,16.0,UB 2126 + UB 18543 + UB 19806 + UB 8047 + UB 2126 + UB 19862 + UB 6570 + UB 8021 + UB 6256 + UB 2481 + UB 2128 + UB 2481 + UB 8423 + UB 2647 + UB 14237 + UB 14181 + UB 2481 + UB 14623 + UB 14385
https://d-nb.info/gnd/11852710X,"Doyle, Arthur Conan ",3.0,3.0,UB 1726 + UB 9654 + UB 9003
https://d-nb.info/gnd/120497077,"Droste, Wiglaf ",3.0,3.0,UB 20043 + UB 20068 + UB 20125
https://d-nb.info/gnd/118527533,"Droste-Hülshoff, Annette von ",6.0,3.0,UB 1858 + UB 18292 + UB 18292 + UB 1858 + UB 19414 + UB 18292
https://d-nb.info/gnd/119038986,"Druon, Maurice ",2.0,1.0,UB 9282 + UB 9282
https://d-nb.info/gnd/118528084,"Du Maurier, Daphne ",1.0,1.0,UB 9287
https://d-nb.info/gnd/11852805X,"Dumas, Alexandre ",1.0,1.0,UB 245
https://d-nb.info/gnd/118528254,"Duras, Marguerite ",1.0,1.0,UB 19704
https://d-nb.info/gnd/118528661,"Ebner-Eschenbach, Marie von ",8.0,7.0,UB 7887 + UB 7887 + UB 7463 + UB 8455 + UB 14219 + UB 4328 + UB 14338 + UB 14558
https://d-nb.info/gnd/118502492,"Echnaton, Ägypten, Pharao ",1.0,1.0,UB 18492
https://d-nb.info/gnd/118529390,"Eichendorff, Joseph von ",12.0,9.0,UB 18102 + UB 2354 + UB 18540 + UB 18539 + UB 18798 + UB 2352 + UB 7925 + UB 19010 + UB 2354 + UB 19201 + UB 18539 + UB 18539
https://d-nb.info/gnd/1213307031,"Ellenrieder, Kathleen ",1.0,1.0,UB 15341
https://d-nb.info/gnd/118682105,"Ennius, Quintus ",1.0,1.0,UB 18566
https://d-nb.info/gnd/118530534,"Enzensberger, Hans Magnus ",1.0,1.0,UB 18136
https://d-nb.info/gnd/118530666,"Erasmus, Desiderius ",2.0,2.0,UB 7918 + UB 14284
https://d-nb.info/gnd/118799894,"Erhardt, Heinz ",2.0,1.0,UB 18332 + UB 18332
https://d-nb.info/gnd/119012278,"Ernaux, Annie ",1.0,1.0,UB 14505
https://d-nb.info/gnd/115774920,"Esquivel, Laura ",1.0,1.0,UB 19738
https://d-nb.info/gnd/118531395,Euripides ,14.0,10.0,UB 1337 + UB 8424 + UB 18354 + UB 18570 + UB 18768 + UB 18768 + UB 18911 + UB 940 + UB 19223 + UB 19264 + UB 7978 + UB 18354 + UB 8424 + UB 7978
https://d-nb.info/gnd/129719218,"Evaristo, Bernardine ",1.0,1.0,UB 14514
https://d-nb.info/gnd/118531905,"Fallada, Hans ",2.0,2.0,UB 14081 + UB 14258
https://d-nb.info/gnd/118533592,"Fitzgerald, F. Scott ",1.0,1.0,UB 9242
https://d-nb.info/gnd/118533754,"Flaubert, Gustave ",4.0,3.0,UB 20075 + UB 9142 + UB 20075 + UB 11109
https://d-nb.info/gnd/118533908,"Fleming, Paul ",2.0,1.0,UB 2455 + UB 2455
https://d-nb.info/gnd/118534262,"Fontane, Theodor ",29.0,23.0,UB 9487 + UB 8577 + UB 6961 + UB 20063 + UB 7635 + UB 18741 + UB 7791 + UB 18799 + UB 9910 + UB 8577 + UB 7635 + UB 8327 + UB 9320 + UB 7693 + UB 7688 + UB 7921 + UB 7603 + UB 6961 + UB 7791 + UB 6956 + UB 19603 + UB 19518 + UB 19513 + UB 19601 + UB 19597 + UB 9910 + UB 9320 + UB 14010 + UB 14208
https://d-nb.info/gnd/118534556,"Fouqué, Friedrich de La Motte- ",2.0,1.0,UB 491 + UB 491
https://d-nb.info/gnd/118534963,"Franz, von Assisi, Heiliger ",1.0,1.0,UB 19044
https://d-nb.info/gnd/120121751,"Freund, Winfried ",1.0,1.0,UB 17607
https://d-nb.info/gnd/118537598,"García Lorca, Federico ",11.0,7.0,UB 8525 + UB 18184 + UB 9129 + UB 18480 + UB 19718 + UB 19761 + UB 18480 + UB 9129 + UB 8525 + UB 18184 + UB 19391
https://d-nb.info/gnd/118537601,"García Márquez, Gabriel ",3.0,1.0,UB 19717 + UB 19717 + UB 19717
https://d-nb.info/gnd/118716328,"García Pavón, Francisco ",1.0,1.0,UB 7631
https://d-nb.info/gnd/128809590,"Gardner, Graham ",1.0,1.0,UB 19720
https://d-nb.info/gnd/120936356,"Gaulle-Anthonioz, Geneviève de ",1.0,1.0,UB 9130
https://d-nb.info/gnd/123657598,"Gavalda, Anna ",5.0,4.0,UB 9105 + UB 9148 + UB 19789 + UB 19765 + UB 9105
https://d-nb.info/gnd/1052857027,"Geißelbrecht, Georg ",1.0,1.0,UB 19505
https://d-nb.info/gnd/118538322,"Gellert, Christian Fürchtegott ",5.0,4.0,UB 8536 + UB 161 + UB 8973 + UB 8973 + UB 18610
https://d-nb.info/gnd/118716735,"Gellius, Aulus ",1.0,1.0,UB 19502
https://d-nb.info/gnd/11853856X,"George, Stefan ",1.0,1.0,UB 18553
https://d-nb.info/gnd/11884556X,"Gernhardt, Robert ",8.0,5.0,UB 8652 + UB 9500 + UB 8652 + UB 18619 + UB 9500 + UB 18619 + UB 9385 + UB 11111
https://d-nb.info/gnd/118690949,"Gerstenberg, Heinrich Wilhelm von ",1.0,1.0,UB 141
https://d-nb.info/gnd/118539124,"Gide, André ",1.0,1.0,UB 18977
https://d-nb.info/gnd/118695894,"Goes, Albrecht ",1.0,1.0,UB 8458
https://d-nb.info/gnd/118540238,"Goethe, Johann Wolfgang von ",61.0,45.0,UB 83 + UB 11157 + UB 67 + UB 61 + UB 71 + UB 88 + UB 6785 + UB 6785 + UB 18355 + UB 18519 + UB 18632 + UB 55 + UB 18794 + UB 7827 + UB 8343 + UB 7826 + UB 5273 + UB 6558 + UB 7621 + UB 83 + UB 71 + UB 6783 + UB 114 + UB 67 + UB 96 + UB 88 + UB 18945 + UB 104 + UB 55 + UB 9762 + UB 19089 + UB 19268 + UB 71 + UB 6782 + UB 18632 + UB 67 + UB 83 + UB 75 + UB 7835 + UB 18632 + UB 61 + UB 7621 + UB 55 + UB 1867 + UB 19482 + UB 11123 + UB 19594 + UB 7827 + UB 14048 + UB 14037 + UB 14182 + UB 14086 + UB 18698 + UB 14216 + UB 14250 + UB 14406 + UB 14370 + UB 9762 + UB 14369 + UB 14484 + UB 14551
https://d-nb.info/gnd/118540297,"Goetz, Curt ",1.0,1.0,UB 8445
https://d-nb.info/gnd/118540424,"Gogolʹ, Nikolaj Vasilʹevič ",10.0,7.0,UB 18277 + UB 19787 + UB 9628 + UB 19836 + UB 9489 + UB 837 + UB 1744 + UB 9628 + UB 1744 + UB 9628
https://d-nb.info/gnd/118696165,"Golding, William ",1.0,1.0,UB 19776
https://d-nb.info/gnd/118540505,"Goldoni, Carlo ",4.0,4.0,UB 3367 + UB 8934 + UB 463 + UB 9927
https://d-nb.info/gnd/118540688,"Goncourt, Edmond de  + Goncourt, Jules de ",1.0,1.0,UB 19253
https://d-nb.info/gnd/118540696,"Goncourt, Edmond de  + Goncourt, Jules de ",1.0,1.0,UB 19253
https://d-nb.info/gnd/118639293,"Gorʹkij, Maksim ",3.0,3.0,UB 9791 + UB 7671 + UB 14559
https://d-nb.info/gnd/118718215,"Goscinny, René ",1.0,1.0,UB 9204
https://d-nb.info/gnd/118540947,"Gottfried, von Straßburg ",1.0,1.0,UB 19679
https://d-nb.info/gnd/118540963,"Gotthelf, Jeremias ",4.0,2.0,UB 6489 + UB 6489 + UB 7747 + UB 6489
https://d-nb.info/gnd/118541013,"Gottsched, Johann Christoph ",3.0,2.0,UB 2097 + UB 2097 + UB 14008
https://d-nb.info/gnd/118696734,"Gottsched, Luise Adelgunde Victorie ",1.0,1.0,UB 14007
https://d-nb.info/gnd/118696823,"Gozzi, Carlo ",1.0,1.0,UB 8975
https://d-nb.info/gnd/118541102,"Grabbe, Christian Dietrich ",2.0,2.0,UB 397 + UB 258
https://d-nb.info/gnd/11854179X,"Greene, Graham ",1.0,1.0,UB 9180
https://d-nb.info/gnd/1020897465,"Grevet, Yves ",2.0,2.0,UB ? + UB 19926
https://d-nb.info/gnd/118542192,"Grillparzer, Franz ",10.0,8.0,UB 4381 + UB 4430 + UB 4380 + UB 4430 + UB 4378 + UB 4384 + UB 4394 + UB 4392 + UB 4382 + UB 4381
https://d-nb.info/gnd/118542257,"Grimm, Jacob  + Grimm, Wilhelm ",1.0,1.0,UB 14315
https://d-nb.info/gnd/118542265,"Grimm, Jacob  + Grimm, Wilhelm ",1.0,1.0,UB 14315
https://d-nb.info/gnd/118542273,"Grimmelshausen, Hans Jakob Christoffel von ",6.0,3.0,UB 7998 + UB 7452 + UB 7998 + UB 761 + UB 7452 + UB 761
https://d-nb.info/gnd/118702718,"Gronemann, Sammy ",1.0,1.0,UB 1688
https://d-nb.info/gnd/118543032,"Gryphius, Andreas ",19.0,12.0,UB 8935 + UB 9366 + UB 7982 + UB 688 + UB 9751 + UB 917 + UB 18561 + UB 8532 + UB 9751 + UB 9366 + UB 917 + UB 7982 + UB 688 + UB 8935 + UB 7960 + UB 7982 + UB 14013 + UB 14009 + UB 14337
https://d-nb.info/gnd/119371391,"Grünbein, Durs ",1.0,1.0,UB 18795
https://d-nb.info/gnd/118698745,"Guareschi, Giovanni ",2.0,1.0,UB 19735 + UB 19735
https://d-nb.info/gnd/116927054,"Gunnarsson, Gunnar ",3.0,1.0,UB 18633 + UB 18633 + UB 18633
https://d-nb.info/gnd/1043743014,"Gutman, Colas ",1.0,1.0,UB 19854
https://d-nb.info/gnd/131393480,"Guène, Fai͏̈za ",1.0,1.0,UB 19790
https://d-nb.info/gnd/118543202,"Günderode, Karoline von ",1.0,1.0,UB 9722
https://d-nb.info/gnd/122230019,"Hacker, Katharina ",1.0,1.0,UB 14232
https://d-nb.info/gnd/118544330,"Hacks, Peter ",1.0,1.0,UB 18347
https://d-nb.info/gnd/118994212,"Hahn, Ulla ",1.0,1.0,UB 18249
https://d-nb.info/gnd/118545140,"Haller, Albrecht von ",1.0,1.0,UB 19494
https://d-nb.info/gnd/118545515,"Hamsun, Knut ",1.0,1.0,UB 14475
https://d-nb.info/gnd/118545930,"Hardy, Thomas ",2.0,2.0,UB 19094 + UB 19174
https://d-nb.info/gnd/118546228,"Hartmann, von Aue ",10.0,7.0,UB 456 + UB 18530 + UB 18764 + UB 19011 + UB 18530 + UB 19131 + UB 18764 + UB 19906 + UB 19931 + UB 19011
https://d-nb.info/gnd/118546619,"Hasenclever, Walter ",2.0,2.0,UB 18814 + UB 8978
https://d-nb.info/gnd/118546864,"Hauff, Wilhelm ",7.0,4.0,UB 7702 + UB 6706 + UB 85 + UB 6706 + UB 7702 + UB 85 + UB 14298
https://d-nb.info/gnd/118546937,"Hauptmann, Gerhart ",12.0,8.0,UB 6617 + UB 8362 + UB 6617 + UB 6617 + UB 19017 + UB 19364 + UB 18873 + UB 19165 + UB 19363 + UB 19483 + UB 19017 + UB 18873
https://d-nb.info/gnd/118709305,"Hawthorne, Nathaniel ",1.0,1.0,UB 9454
https://d-nb.info/gnd/118773569,"Hazlitt, William ",1.0,1.0,UB 19442
https://d-nb.info/gnd/118547445,"Hebbel, Friedrich ",7.0,4.0,UB 3173 + UB 4268 + UB 3173 + UB 3161 + UB 3171 + UB 4268 + UB 3173
https://d-nb.info/gnd/118547453,"Hebel, Johann Peter ",1.0,1.0,UB 19045
https://d-nb.info/gnd/122127153,"Hegers, Jane ",1.0,1.0,UB 1683
https://d-nb.info/gnd/118548018,"Heine, Heinrich ",18.0,12.0,UB 2253 + UB 2221 + UB 2231 + UB 18437 + UB 18394 + UB 2350 + UB 18800 + UB 18974 + UB 19136 + UB 2221 + UB 18394 + UB 2253 + UB 2231 + UB 8988 + UB 14329 + UB 18394 + UB 14344 + UB 2253
https://d-nb.info/gnd/118709747,"Heinrich, der Gleißner ",1.0,1.0,UB 14220
https://d-nb.info/gnd/118709836,"Heinrich, von Morungen ",1.0,1.0,UB 9797
https://d-nb.info/gnd/11854845X,"Heinrich, von Veldeke ",1.0,1.0,UB 8303
https://d-nb.info/gnd/118549030,"Hemingway, Ernest ",4.0,3.0,UB 9075 + UB 9120 + UB 7628 + UB 7628
https://d-nb.info/gnd/124118844,"Herman, Mark ",1.0,1.0,UB 9102
https://d-nb.info/gnd/118550292,Hesiodus ,1.0,1.0,UB 9445
https://d-nb.info/gnd/11855042X,"Hesse, Hermann ",2.0,2.0,UB 7557 + UB 9832
https://d-nb.info/gnd/118550683,"Heym, Georg ",2.0,2.0,UB 18457 + UB 18581
https://d-nb.info/gnd/118550772,"Heyse, Paul ",2.0,1.0,UB 8301 + UB 8301
https://d-nb.info/gnd/123622166,"Higgins, Colin ",1.0,1.0,UB 9122
https://d-nb.info/gnd/11855087X,"Highsmith, Patricia ",3.0,2.0,UB 9262 + UB 9145 + UB 9145
https://d-nb.info/gnd/118551736,"Hochhuth, Rolf ",3.0,2.0,UB 18112 + UB 8346 + UB 18112
https://d-nb.info/gnd/122841506,"Hoerschelmann, Fred von ",4.0,1.0,UB 8762 + UB 8762 + UB 8762 + UB 8762
https://d-nb.info/gnd/118552465,"Hoffmann, E. T. A. ",39.0,26.0,UB 153 + UB 192 + UB 5623 + UB 25 + UB 230 + UB 230 + UB 230 + UB 18385 + UB 18503 + UB 154 + UB 192 + UB 7953 + UB 18503 + UB 153 + UB 306 + UB 25 + UB 8991 + UB 230 + UB 154 + UB 18385 + UB 231 + UB 25 + UB 5274 + UB 25 + UB 153 + UB 19484 + UB 19509 + UB 14067 + UB 14222 + UB 19652 + UB 14073 + UB 14078 + UB 230 + UB 14371 + UB 11403 + UB 14050 + UB 11404 + UB 11402 + UB 11401
https://d-nb.info/gnd/11855249X,"Hoffmann, Heinrich ",3.0,3.0,UB 9355 + UB 8983 + UB 18569
https://d-nb.info/gnd/118706187,"Hofmann von Hofmannswaldau, Christian ",1.0,1.0,UB 8889
https://d-nb.info/gnd/118552759,"Hofmannsthal, Hugo von ",20.0,11.0,UB 18039 + UB 18038 + UB 18037 + UB 18036 + UB 18035 + UB 18042 + UB 18041 + UB 18040 + UB 8800 + UB 18113 + UB 18353 + UB 18038 + UB 18039 + UB 18113 + UB 18037 + UB 18035 + UB 18353 + UB 18040 + UB 18039 + UB 18035
https://d-nb.info/gnd/118552864,"Hohl, Ludwig ",1.0,1.0,UB 14402
https://d-nb.info/gnd/118774808,"Holtzwart, Matthäus ",1.0,1.0,UB 18464
https://d-nb.info/gnd/118607871,"Holz, Arno  + Schlaf, Johannes ",4.0,4.0,UB 8987 + UB 8853 + UB 19656 + UB 19655
https://d-nb.info/gnd/118553216,"Holz, Arno  + Schlaf, Johannes ",4.0,4.0,UB 8987 + UB 8853 + UB 19656 + UB 19655
https://d-nb.info/gnd/11855333X,Homerus ,9.0,7.0,UB 18298 + UB 18299 + UB 18640 + UB 18640 + UB 280 + UB 249 + UB 18298 + UB 14392 + UB 14236
https://d-nb.info/gnd/118553569,"Horatius Flaccus, Quintus ",3.0,2.0,UB 18466 + UB 9905 + UB 18466
https://d-nb.info/gnd/118553739,"Horváth, Ödön von ",10.0,5.0,UB 18614 + UB 18612 + UB 18667 + UB 18612 + UB 18612 + UB 18612 + UB 18667 + UB 19682 + UB 14380 + UB 18612
https://d-nb.info/gnd/121383261,"Houellebecq, Michel ",3.0,2.0,UB 9091 + UB 9091 + UB 19922
https://d-nb.info/gnd/118553941,"Hrotsvita, Gandeshemensis ",1.0,1.0,UB 7524
https://d-nb.info/gnd/118555081,"Huxley, Aldous ",1.0,1.0,UB 9284
https://d-nb.info/gnd/118555111,"Huysmans, Joris-Karl ",1.0,1.0,UB 8984
https://d-nb.info/gnd/118551981,"Hölderlin, Friedrich ",7.0,4.0,UB 18242 + UB 18242 + UB 559 + UB 19343 + UB 7500 + UB 559 + UB 559
https://d-nb.info/gnd/106196499X,"Hübner, Lutz  + Nemitz, Sarah ",2.0,2.0,UB 14175 + UB 14288
https://d-nb.info/gnd/122381556,"Hübner, Lutz  + Nemitz, Sarah ",3.0,3.0,UB 14175 + UB 14288 + UB 14331
https://d-nb.info/gnd/118555286,"Ibsen, Henrik ",18.0,11.0,UB 2773 + UB 18538 + UB 2309 + UB 1257 + UB 8673 + UB 2317 + UB 1828 + UB 1702 + UB 2773 + UB 18537 + UB 18537 + UB 1257 + UB 2309 + UB 2309 + UB 1257 + UB 19642 + UB 19642 + UB 2560
https://d-nb.info/gnd/118555707,"Ionesco, Eugène ",4.0,3.0,UB 9164 + UB 9164 + UB 8370 + UB 8656
https://d-nb.info/gnd/119049708,"Irving, John ",1.0,1.0,UB 19758
https://d-nb.info/gnd/119484978,"Ishiguro, Kazuo ",1.0,1.0,UB 9138
https://d-nb.info/gnd/118556126,"Iuvenalis, Decimus Iunius ",1.0,1.0,UB 8598
https://d-nb.info/gnd/118711172,"Jacobsen, Jens Peter ",1.0,1.0,UB 19096
https://d-nb.info/gnd/118556673,"Jahnn, Hans Henny ",1.0,1.0,UB 14183
https://d-nb.info/gnd/118556894,"Jandl, Ernst ",3.0,3.0,UB 18831 + UB 18949 + UB 9823
https://d-nb.info/gnd/118556940,Janosch ,3.0,3.0,UB 14321 + UB 14320 + UB 14404
https://d-nb.info/gnd/11871189X,"Jarry, Alfred ",1.0,1.0,UB 9446
https://d-nb.info/gnd/118557211,Jean Paul ,4.0,3.0,UB 18522 + UB 18522 + UB 18 + UB 274
https://d-nb.info/gnd/119001802,"Jelinek, Elfriede ",1.0,1.0,UB 18074
https://d-nb.info/gnd/118818260,"Johannes, von Tepl ",3.0,1.0,UB 18075 + UB 18075 + UB 18075
https://d-nb.info/gnd/122396669,"Johnson, Denis ",1.0,1.0,UB 9092
https://d-nb.info/gnd/118558323,"Jonson, Ben ",1.0,1.0,UB 9733
https://d-nb.info/gnd/118558501,"Joyce, James ",1.0,1.0,UB 9181
https://d-nb.info/gnd/118558587,"Jünger, Ernst ",1.0,1.0,UB 18680
https://d-nb.info/gnd/118559230,"Kafka, Franz ",16.0,12.0,UB 9900 + UB 9688 + UB 18635 + UB 9900 + UB 9677 + UB 9900 + UB 9676 + UB 9678 + UB 9677 + UB 9426 + UB 11106 + UB 9675 + UB 9900 + UB 19558 + UB 14416 + UB 14430
https://d-nb.info/gnd/118559427,"Kaiser, Georg ",6.0,3.0,UB 18359 + UB 8937 + UB 8937 + UB 18812 + UB 18359 + UB 18359
https://d-nb.info/gnd/118640089,"Karamzin, Nikolaj Michajlovič ",1.0,1.0,UB 7861
https://d-nb.info/gnd/122697669,"Kassovitz, Mathieu ",1.0,1.0,UB 9081
https://d-nb.info/gnd/118560883,"Keats, John ",1.0,1.0,UB 9403
https://d-nb.info/gnd/11856109X,"Keller, Gottfried ",24.0,15.0,UB 6171 + UB 7470 + UB 6173 + UB 6172 + UB 18282 + UB 18584 + UB 6176 + UB 7709 + UB 7470 + UB 6179 + UB 6175 + UB 6172 + UB 6173 + UB 6171 + UB 6172 + UB 6176 + UB 18282 + UB 6186 + UB 19485 + UB 19453 + UB 19498 + UB 6176 + UB 6173 + UB 19587
https://d-nb.info/gnd/116127473,"Kempner, Friederike ",1.0,1.0,UB 18629
https://d-nb.info/gnd/118950517,"Kerr, Judith ",1.0,1.0,UB 9076
https://d-nb.info/gnd/118561812,"Keyserling, Eduard von ",1.0,1.0,UB 14375
https://d-nb.info/gnd/118562002,"Kierkegaard, Søren ",2.0,1.0,UB 9323 + UB 9323
https://d-nb.info/gnd/120896605,"Kinskofer, Lieselotte ",1.0,1.0,UB 20042
https://d-nb.info/gnd/118562290,"Kipling, Rudyard ",1.0,1.0,UB 3459
https://d-nb.info/gnd/118563076,"Kleist, Heinrich von ",31.0,17.0,UB 178 + UB 1305 + UB 91 + UB 8003 + UB 8004 + UB 7416 + UB 8002 + UB 40 + UB 40 + UB 91 + UB 18860 + UB 18834 + UB 91 + UB 18906 + UB 1305 + UB 18968 + UB 218 + UB 8003 + UB 1768 + UB 8004 + UB 18966 + UB 19060 + UB 8002 + UB 7416 + UB 91 + UB 18906 + UB 18860 + UB 178 + UB 18906 + UB 14381 + UB 91
https://d-nb.info/gnd/121401030,"Kling, Thomas ",1.0,1.0,UB 18574
https://d-nb.info/gnd/118563319,"Klinger, Friedrich Maximilian von ",4.0,4.0,UB 248 + UB 438 + UB 14002 + UB 14051
https://d-nb.info/gnd/118563386,"Klopstock, Friedrich Gottlieb ",2.0,2.0,UB 1391 + UB 721
https://d-nb.info/gnd/118565060,"Konrad, der Pfaffe ",1.0,1.0,UB 2745
https://d-nb.info/gnd/118565133,"Konrad, von Würzburg ",2.0,2.0,UB 2855 + UB 19381
https://d-nb.info/gnd/118566288,"Kraus, Karl ",1.0,1.0,UB 18467
https://d-nb.info/gnd/137246609,"Kricheldorf, Rebekka ",1.0,1.0,UB 14261
https://d-nb.info/gnd/119263793,"Kristóf, Ágota ",2.0,1.0,UB 9096 + UB 9096
https://d-nb.info/gnd/119000016,"Kronauer, Brigitte ",3.0,2.0,UB 18334 + UB 18542 + UB 18542
https://d-nb.info/gnd/118568051,"Kunert, Günter ",1.0,1.0,UB 8380
https://d-nb.info/gnd/12330668X,"Kurtobik, Dēmosthenēs ",1.0,1.0,UB 20046
https://d-nb.info/gnd/118559206,"Kästner, Erich ",1.0,1.0,UB 8373
https://d-nb.info/gnd/119520621,"Köppen, Edlef ",1.0,1.0,UB 19294
https://d-nb.info/gnd/11856868X,"La Fontaine, Jean de ",3.0,2.0,UB 18603 + UB 9182 + UB 18603
https://d-nb.info/gnd/118569767,"La Roche, Sophie von ",3.0,1.0,UB 7934 + UB 7934 + UB 7934
https://d-nb.info/gnd/118725939,"Lafayette, Madame de ",1.0,1.0,UB 7986
https://d-nb.info/gnd/118726005,"Lagerlöf, Selma ",2.0,2.0,UB 19433 + UB 14022
https://d-nb.info/gnd/118640305,"Lamprecht, der Pfaffe ",3.0,1.0,UB 18508 + UB 18508 + UB 18508
https://d-nb.info/gnd/118569880,"Lasker-Schüler, Else ",3.0,3.0,UB 9852 + UB 19415 + UB 19168
https://d-nb.info/gnd/118570692,"Le Clézio, J. M. G. ",2.0,2.0,UB 19742 + UB 19855
https://d-nb.info/gnd/118570951,"Le Fort, Gertrud von ",2.0,1.0,UB 7937 + UB 7937
https://d-nb.info/gnd/124739105,"LeRoy, J. T. ",1.0,1.0,UB 20060
https://d-nb.info/gnd/118779095,"Lear, Edward ",1.0,1.0,UB 8467
https://d-nb.info/gnd/118571370,"Leisewitz, Johann Anton ",1.0,1.0,UB 111
https://d-nb.info/gnd/120023105,"Lelord, François ",5.0,2.0,UB 19721 + UB 19755 + UB 19721 + UB 19721 + UB 19755
https://d-nb.info/gnd/118571508,"Lenau, Nikolaus ",1.0,1.0,UB 1449
https://d-nb.info/gnd/118571656,"Lenz, Jakob Michael Reinhold ",6.0,3.0,UB 1376 + UB 8468 + UB 5899 + UB 1376 + UB 5899 + UB 1376
https://d-nb.info/gnd/120897318,"Lerche, Doris ",3.0,3.0,UB 1724 + UB 20027 + UB 20059
https://d-nb.info/gnd/11857194X,"Lermontov, Michail Jurʹevič ",2.0,1.0,UB 3051 + UB 3051
https://d-nb.info/gnd/118572113,"Lessing, Doris ",1.0,1.0,UB 9151
https://d-nb.info/gnd/118572121,"Lessing, Gotthold Ephraim ",22.0,12.0,UB 3 + UB 3 + UB 45 + UB 7679 + UB 10 + UB 18384 + UB 37 + UB 16 + UB 16 + UB 10 + UB 19142 + UB 3 + UB 7679 + UB 45 + UB 19262 + UB 45 + UB 19312 + UB 19486 + UB 7679 + UB 19142 + UB 14233 + UB 19262
https://d-nb.info/gnd/118934163,"Li, Bai ",1.0,1.0,UB 18675
https://d-nb.info/gnd/122497562,"Lindo, Elvira ",3.0,2.0,UB 19785 + UB 19785 + UB 19857
https://d-nb.info/gnd/117030279,"Lindow, Wolfgang ",1.0,1.0,UB 1687
https://d-nb.info/gnd/118728601,"Littmann, Wolf ",1.0,1.0,UB 20010
https://d-nb.info/gnd/118574078,"Lohenstein, Daniel Casper von ",3.0,3.0,UB 18548 + UB 8394 + UB 14234
https://d-nb.info/gnd/119393271,"Loher, Dea ",1.0,1.0,UB 14205
https://d-nb.info/gnd/118574213,Longus ,4.0,1.0,UB 6911 + UB 6911 + UB 6911 + UB 6911
https://d-nb.info/gnd/118729101,Loriot ,3.0,2.0,UB 8820 + UB 8820 + UB 14435
https://d-nb.info/gnd/118574701,"Lucanus, Marcus Annaeus ",1.0,1.0,UB 18511
https://d-nb.info/gnd/118575228,"Lucianus, Samosatensis ",1.0,1.0,UB 18377
https://d-nb.info/gnd/121859363,"Lührs, Manfred ",1.0,1.0,UB 1743
https://d-nb.info/gnd/118575775,"Machiavelli, Niccolò ",1.0,1.0,UB 1219
https://d-nb.info/gnd/118576771,"Mallarmé, Stéphane ",1.0,1.0,UB 18759
https://d-nb.info/gnd/118730436,"Malle, Louis ",1.0,1.0,UB 9290
https://d-nb.info/gnd/118577131,"Mann, Heinrich ",1.0,1.0,UB 19360
https://d-nb.info/gnd/118577166,"Mann, Thomas ",2.0,2.0,UB 6431 + UB 19649
https://d-nb.info/gnd/118577263,"Mansfield, Katherine ",3.0,3.0,UB 1727 + UB 9152 + UB 14476
https://d-nb.info/gnd/118577972,"Marivaux, Pierre Carlet de Chamblain de ",1.0,1.0,UB 8604
https://d-nb.info/gnd/118578065,"Marlowe, Christopher ",3.0,2.0,UB 7696 + UB 1128 + UB 1128
https://d-nb.info/gnd/11857826X,"Martialis, Marcus Valerius ",4.0,2.0,UB 18544 + UB 19802 + UB 18544 + UB 18544
https://d-nb.info/gnd/120873192,"Martin, Annette ",1.0,1.0,UB 20004
https://d-nb.info/gnd/115745459,"Marías, Javier ",2.0,1.0,UB 19709 + UB 19709
https://d-nb.info/gnd/118579207,"Maupassant, Guy de ",6.0,6.0,UB 9116 + UB 19711 + UB 20136 + UB 9011 + UB 9037 + UB 6768
https://d-nb.info/gnd/118818651,"May, Karl ",1.0,1.0,UB 18801
https://d-nb.info/gnd/118873822,"McCarthy, Cormac ",1.0,1.0,UB 19757
https://d-nb.info/gnd/124894496,"McDonell, Nick ",1.0,1.0,UB 9127
https://d-nb.info/gnd/119252694,"McEwan, Ian ",5.0,3.0,UB 9069 + UB 9119 + UB 19754 + UB 9119 + UB 9119
https://d-nb.info/gnd/118579894,"Meerbaum-Eisinger, Selma ",1.0,1.0,UB 19059
https://d-nb.info/gnd/132696568,"Melle, Thomas ",1.0,1.0,UB 14203
https://d-nb.info/gnd/118580604,"Melville, Herman ",1.0,1.0,UB 9190
https://d-nb.info/gnd/118747525,Menander ,1.0,1.0,UB 18485
https://d-nb.info/gnd/119466333,"Mendoza, Eduardo ",1.0,1.0,UB 19826
https://d-nb.info/gnd/118581775,"Meyer, Conrad Ferdinand ",5.0,4.0,UB 6964 + UB 18119 + UB 6943 + UB 6943 + UB 6945
https://d-nb.info/gnd/118582046,"Meyrink, Gustav ",1.0,1.0,UB 19344
https://d-nb.info/gnd/119380404,"Mihura, Miguel ",1.0,1.0,UB 9132
https://d-nb.info/gnd/118582496,"Miller, Arthur ",5.0,3.0,UB 9172 + UB 9257 + UB 19766 + UB 9257 + UB 19766
https://d-nb.info/gnd/118582607,"Milton, John ",3.0,1.0,UB 2191 + UB 2191 + UB 2191
https://d-nb.info/gnd/11858331X,Molière ,23.0,20.0,UB 9087 + UB 18328 + UB 5402 + UB 588 + UB 7697 + UB 9217 + UB 9022 + UB 461 + UB 8353 + UB 9087 + UB 8868 + UB 8556 + UB 338 + UB 1177 + UB 5485 + UB 8488 + UB 8040 + UB 5402 + UB 74 + UB 394 + UB 8924 + UB 9087 + UB 14503
https://d-nb.info/gnd/118734598,"Molnár, Ferenc ",1.0,1.0,UB 9937
https://d-nb.info/gnd/118583573,"Montaigne, Michel Eyquem de ",1.0,1.0,UB 8308
https://d-nb.info/gnd/118583670,"Montesquieu, Charles Louis de Secondat de ",4.0,2.0,UB 9226 + UB 2051 + UB 2051 + UB 9226
https://d-nb.info/gnd/11881169X,"Morgenstern, Christian ",4.0,4.0,UB 18605 + UB 9879 + UB 18929 + UB 19457
https://d-nb.info/gnd/118584162,"Moritz, Karl Philipp ",5.0,4.0,UB 4813 + UB 4813 + UB 18120 + UB 19097 + UB 14223
https://d-nb.info/gnd/128909501,"Mourlevat, Jean-Claude ",2.0,1.0,UB 9117 + UB 9117
https://d-nb.info/gnd/118585916,"Musil, Robert ",7.0,6.0,UB 18990 + UB 18797 + UB 18789 + UB 18991 + UB 8526 + UB 19279 + UB 18789
https://d-nb.info/gnd/118581104,"Mérimée, Prosper ",3.0,3.0,UB 9171 + UB 1244 + UB 1602
https://d-nb.info/gnd/118583107,"Mörike, Eduard ",7.0,7.0,UB 4770 + UB 18313 + UB 18307 + UB 4755 + UB 7661 + UB 4741 + UB 14021
https://d-nb.info/gnd/118584758,"Mühsam, Erich ",2.0,1.0,UB 8238 + UB 8238
https://d-nb.info/gnd/118584944,"Müller, Heiner ",2.0,1.0,UB 8470 + UB 8470
https://d-nb.info/gnd/118586114,"Nabokov, Vladimir Vladimirovič ",2.0,2.0,UB 8090 + UB 19786
https://d-nb.info/gnd/121674738,"Nelson, Blake ",2.0,1.0,UB 19777 + UB 19777
https://d-nb.info/gnd/118957910,"Neruda, Jan ",1.0,1.0,UB 8770
https://d-nb.info/gnd/118587005,"Neruda, Pablo ",1.0,1.0,UB 19733
https://d-nb.info/gnd/118587080,"Nestroy, Johann ",13.0,12.0,UB 8330 + UB 3109 + UB 18845 + UB 8382 + UB 3374 + UB 3041 + UB 3626 + UB 19311 + UB 8553 + UB 8330 + UB 4718 + UB 14112 + UB 14287
https://d-nb.info/gnd/118734776,"Niebergall, Ernst Elias ",1.0,1.0,UB 9776
https://d-nb.info/gnd/118587943,"Nietzsche, Friedrich ",4.0,3.0,UB 1706 + UB 18636 + UB 18850 + UB 18636
https://d-nb.info/gnd/1090181019,"Nini, Soraya  + Faucon, Philippe ",1.0,1.0,UB 19752
https://d-nb.info/gnd/122859677,"Norman, Marc ",1.0,1.0,UB 9072
https://d-nb.info/gnd/1075073618,"Norris, Bruce ",1.0,1.0,UB 19903
https://d-nb.info/gnd/122396049,"Nothomb, Amélie ",4.0,2.0,UB 9121 + UB 19739 + UB 19739 + UB 19739
https://d-nb.info/gnd/118588893,Novalis ,4.0,3.0,UB 8939 + UB 8939 + UB 7991 + UB 14184
https://d-nb.info/gnd/118590359,"Orwell, George ",2.0,2.0,UB 14056 + UB 19611
https://d-nb.info/gnd/118590669,"Otfrid, von Weißenburg ",1.0,1.0,UB 8384
https://d-nb.info/gnd/118590995,"Ovidius Naso, Publius ",22.0,14.0,UB 1359 + UB 18151 + UB 19781 + UB 1360 + UB 1361 + UB 18903 + UB 1359 + UB 1360 + UB 18976 + UB 19272 + UB 357 + UB 1359 + UB 19902 + UB 1360 + UB 19411 + UB 357 + UB 1361 + UB 19327 + UB 19924 + UB 1360 + UB 19411 + UB 14377
https://d-nb.info/gnd/1012943356,"Pacheco, Cristina ",2.0,1.0,UB 19804 + UB 19804
https://d-nb.info/gnd/138324271,"Palmetshofer, Ewald ",1.0,1.0,UB 14285
https://d-nb.info/gnd/120925354,"Pelevin, Viktor ",1.0,1.0,UB 1694
https://d-nb.info/gnd/128451661,"Pelster, Theodor ",1.0,1.0,UB 15306
https://d-nb.info/gnd/118740008,"Perrault, Charles ",1.0,1.0,UB 8355
https://d-nb.info/gnd/118593234,"Petrarca, Francesco ",6.0,4.0,UB 18084 + UB 18378 + UB 18378 + UB 887 + UB 19099 + UB 887
https://d-nb.info/gnd/118593293,"Petronius, Arbiter ",3.0,3.0,UB 19845 + UB 19385 + UB 19553
https://d-nb.info/gnd/115686665,"Pfarr, Christian ",1.0,1.0,UB 1709
https://d-nb.info/gnd/120898640,"Pflüger, Birgit ",1.0,1.0,UB 1722
https://d-nb.info/gnd/118593730,Phaedrus ,3.0,3.0,UB 1144 + UB 19898 + UB 14340
https://d-nb.info/gnd/118594567,"Pirandello, Luigi ",2.0,2.0,UB 8765 + UB 19848
https://d-nb.info/gnd/118594702,"Pius II., Papst ",2.0,2.0,UB 8869 + UB 19687
https://d-nb.info/gnd/118594974,"Plautus, Titus Maccius ",4.0,2.0,UB 9931 + UB 9931 + UB 8031 + UB 9931
https://d-nb.info/gnd/118595091,"Plinius Caecilius Secundus, Gaius ",4.0,3.0,UB 18742 + UB 19006 + UB 19846 + UB 18742
https://d-nb.info/gnd/11859527X,"Poe, Edgar Allan ",9.0,7.0,UB 1703 + UB 9088 + UB 20102 + UB 2176 + UB 2176 + UB 1703 + UB 8619 + UB 14424 + UB 14418
https://d-nb.info/gnd/118854569,"Polt, Gerhard ",2.0,1.0,UB 18349 + UB 18349
https://d-nb.info/gnd/11874190X,"Priestley, J. B. ",3.0,2.0,UB 9218 + UB 18452 + UB 18452
https://d-nb.info/gnd/118596764,"Propertius, Sextus ",1.0,1.0,UB 1728
https://d-nb.info/gnd/118596799,"Proust, Marcel ",1.0,1.0,UB 19428
https://d-nb.info/gnd/118596446,"Prévert, Jacques ",1.0,1.0,UB 9155
https://d-nb.info/gnd/118596462,"Prévost d'Exilles, Antoine François ",1.0,1.0,UB 937
https://d-nb.info/gnd/118641816,"Puškin, Aleksandr Sergeevič ",8.0,6.0,UB 427 + UB 19808 + UB 19028 + UB 1613 + UB 3731 + UB 19890 + UB 427 + UB 427
https://d-nb.info/gnd/115633294,"Queffélec, Yann ",1.0,1.0,UB 9089
https://d-nb.info/gnd/118597442,"Raabe, Wilhelm ",11.0,8.0,UB 7729 + UB 9393 + UB 9393 + UB 8484 + UB 7726 + UB 7580 + UB 9988 + UB 8484 + UB 2000 + UB 9393 + UB 14238
https://d-nb.info/gnd/118597523,"Racine, Jean ",3.0,3.0,UB 839 + UB 9299 + UB 54
https://d-nb.info/gnd/118597914,"Raimund, Ferdinand ",5.0,5.0,UB 180 + UB 120 + UB 49 + UB 14071 + UB 14294
https://d-nb.info/gnd/133223248,"Raschke, Jens ",1.0,1.0,UB 14400
https://d-nb.info/gnd/120462664,"Reber, Sabine ",1.0,1.0,UB 20001
https://d-nb.info/gnd/11859950X,"Reinmar, der Alte ",2.0,1.0,UB 8318 + UB 8318
https://d-nb.info/gnd/118744690,"Reuter, Christian ",1.0,1.0,UB 4343
https://d-nb.info/gnd/118600044,"Reventlow, Franziska zu ",1.0,1.0,UB 14376
https://d-nb.info/gnd/120465272,"Reza, Yasmina ",5.0,2.0,UB 9108 + UB 19740 + UB 9108 + UB 19740 + UB 19740
https://d-nb.info/gnd/118880993,"Rhue, Morton ",1.0,1.0,UB 9111
https://d-nb.info/gnd/118601024,"Rilke, Rainer Maria ",10.0,10.0,UB 1739 + UB 19009 + UB 9623 + UB 9626 + UB 19361 + UB 19616 + UB 14038 + UB 9624 + UB 14244 + UB 14485
https://d-nb.info/gnd/118601032,"Rimbaud, Arthur ",2.0,2.0,UB 20062 + UB 14172
https://d-nb.info/gnd/118601121,"Ringelnatz, Joachim ",4.0,4.0,UB 18360 + UB 9701 + UB 18804 + UB 14209
https://d-nb.info/gnd/120514176,"Rivas, Manuel ",1.0,1.0,UB 19828
https://d-nb.info/gnd/12155709X,"Rivera Letelier, Hernán ",1.0,1.0,UB 19919
https://d-nb.info/gnd/1330859863,"Rizzacasa d'Orsogna, Costanza ",1.0,1.0,UB 14518
https://d-nb.info/gnd/118875787,"Rjazanov, Ėlʹdar A.  + Braginskij, Ėmilʹ V. ",1.0,1.0,UB 19856
https://d-nb.info/gnd/103649662,"Rjazanov, Ėlʹdar A.  + Braginskij, Ėmilʹ V. ",1.0,1.0,UB 19856
https://d-nb.info/gnd/118601423,"Robbe-Grillet, Alain ",1.0,1.0,UB 8992
https://d-nb.info/gnd/118790803,"Rochefort, Christiane ",1.0,1.0,UB 9265
https://d-nb.info/gnd/118790846,"Rodari, Gianni ",1.0,1.0,UB 19748
https://d-nb.info/gnd/140568158,"Roger, Marie-Sabine ",2.0,1.0,UB 19819 + UB 19819
https://d-nb.info/gnd/11860239X,"Romains, Jules ",3.0,2.0,UB 9154 + UB 9154 + UB 9662
https://d-nb.info/gnd/116607971,"Roos, Peter ",1.0,1.0,UB 1713
https://d-nb.info/gnd/129250295,"Rose, Reginald ",1.0,1.0,UB 7821
https://d-nb.info/gnd/118791281,"Rostand, Edmond ",1.0,1.0,UB 8595
https://d-nb.info/gnd/118603140,"Roth, Joseph ",11.0,9.0,UB 18533 + UB 18532 + UB 18683 + UB 18685 + UB 18684 + UB 18858 + UB 18532 + UB 18883 + UB 18864 + UB 18532 + UB 11125
https://d-nb.info/gnd/118803433,"Roth, Philip ",1.0,1.0,UB 19751
https://d-nb.info/gnd/118603426,"Rousseau, Jean-Jacques ",1.0,1.0,UB 18244
https://d-nb.info/gnd/128811609,"Rozier, Gilles ",1.0,1.0,UB 19703
https://d-nb.info/gnd/118603736,"Rudolf, von Ems ",1.0,1.0,UB 19589
https://d-nb.info/gnd/123175003,"Rumpl, Manfred ",1.0,1.0,UB 20071
https://d-nb.info/gnd/118873520,"Rushdie, Salman ",1.0,1.0,UB 9094
https://d-nb.info/gnd/119072483,"Russell, Willy ",1.0,1.0,UB 9071
https://d-nb.info/gnd/115701362,"Röggla, Kathrin ",1.0,1.0,UB 14364
https://d-nb.info/gnd/122715845,"Rüb, Wolfgang ",1.0,1.0,UB 1723
https://d-nb.info/gnd/118603817,"Rückert, Friedrich ",2.0,1.0,UB 3672 + UB 3672
https://d-nb.info/gnd/118603930,"Rühm, Gerhard ",1.0,1.0,UB 18055
https://d-nb.info/gnd/118603957,"Rühmkorf, Peter ",2.0,2.0,UB 18739 + UB 19214
https://d-nb.info/gnd/118604449,"Saar, Ferdinand von ",2.0,1.0,UB 8663 + UB 8663
https://d-nb.info/gnd/118604597,"Sachs, Hans ",2.0,1.0,UB 18288 + UB 18288
https://d-nb.info/gnd/118750712,"Sagan, Françoise ",2.0,1.0,UB 9238 + UB 9238
https://d-nb.info/gnd/118604902,"Saint-Exupéry, Antoine de ",4.0,4.0,UB 19274 + UB 18790 + UB 19598 + UB 14041
https://d-nb.info/gnd/118605534,Sappho ,1.0,1.0,UB 14084
https://d-nb.info/gnd/11860564X,"Sartre, Jean-Paul ",4.0,3.0,UB 9175 + UB 9175 + UB 19825 + UB 9325
https://d-nb.info/gnd/118607626,"Schiller, Friedrich ",44.0,24.0,UB 12 + UB 8891 + UB 64 + UB 33 + UB 18061 + UB 38 + UB 15 + UB 47 + UB 12 + UB 18366 + UB 60 + UB 18366 + UB 18672 + UB 51 + UB 92 + UB 8891 + UB 12 + UB 18852 + UB 64 + UB 33 + UB 15 + UB 47 + UB 8891 + UB 7435 + UB 12 + UB 1710 + UB 15 + UB 19184 + UB 64 + UB 33 + UB 18672 + UB 60 + UB 41 + UB 47 + UB 8891 + UB 19184 + UB 19469 + UB 19468 + UB ? + UB 19461 + UB 19468 + UB 14250 + UB 14213 + UB 7435
https://d-nb.info/gnd/118607979,"Schlegel, Dorothea von ",1.0,1.0,UB 8707
https://d-nb.info/gnd/118607987,"Schlegel, Friedrich von ",1.0,1.0,UB 19659
https://d-nb.info/gnd/118608002,"Schlegel, Johann Elias ",1.0,1.0,UB 8766
https://d-nb.info/gnd/115673784,"Schlink, Bernhard ",1.0,1.0,UB 14465
https://d-nb.info/gnd/118608703,"Schmidt, Arno ",2.0,2.0,UB 18979 + UB 18931
https://d-nb.info/gnd/1047576384,"Schmidt, Uwe M. ",1.0,1.0,UB 1682
https://d-nb.info/gnd/118046780,"Schmitt, Éric-Emmanuel ",15.0,7.0,UB 9118 + UB 9128 + UB 9147 + UB 9118 + UB 9128 + UB 9118 + UB 19760 + UB 19793 + UB 19798 + UB 9118 + UB 9128 + UB 9118 + UB 9147 + UB 19878 + UB 19793
https://d-nb.info/gnd/118609475,"Schnabel, Johann Gottfried ",1.0,1.0,UB 8421
https://d-nb.info/gnd/119279487,"Schneider, Robert ",1.0,1.0,UB 11120
https://d-nb.info/gnd/118609807,"Schnitzler, Arthur ",39.0,17.0,UB 18158 + UB 18156 + UB 18157 + UB 18195 + UB 18155 + UB 18159 + UB 18161 + UB 18160 + UB 18386 + UB 18455 + UB 18429 + UB 18428 + UB 18427 + UB 18459 + UB 18156 + UB 18155 + UB 18158 + UB 18386 + UB 18161 + UB 18158 + UB 18157 + UB 8664 + UB 18160 + UB 18455 + UB 18429 + UB 18428 + UB 18158 + UB 18156 + UB 18459 + UB 18428 + UB 19323 + UB 19325 + UB 18386 + UB 18160 + UB 18158 + UB 18161 + UB 18386 + UB 18157 + UB 18455
https://d-nb.info/gnd/118612301,"Schwitters, Kurt ",1.0,1.0,UB 8392
https://d-nb.info/gnd/119223104,"Schädlich, Hans Joachim ",1.0,1.0,UB 18671
https://d-nb.info/gnd/118764535,"Sender, Ramón José ",2.0,1.0,UB 19750 + UB 19750
https://d-nb.info/gnd/118613200,"Seneca, Lucius Annaeus, Philosophus ",3.0,2.0,UB 8882 + UB 19208 + UB 8882
https://d-nb.info/gnd/119505258,"Sepúlveda, Luis ",2.0,2.0,UB 9133 + UB 19724
https://d-nb.info/gnd/118613723,"Shakespeare, William ",65.0,43.0,UB 1707 + UB 9220 + UB 17 + UB 31 + UB 5 + UB 8830 + UB 18255 + UB 8476 + UB 7903 + UB 9729 + UB 19705 + UB 9800 + UB 7734 + UB 8032 + UB 8393 + UB 9942 + UB 7903 + UB 9830 + UB 9881 + UB 31 + UB 469 + UB 18849 + UB 9800 + UB 5 + UB 9942 + UB 9870 + UB 31 + UB 73 + UB 46 + UB 35 + UB 21 + UB 9830 + UB 9 + UB 152 + UB 9247 + UB 469 + UB 53 + UB 20350 + UB 9729 + UB 5 + UB 9870 + UB 17 + UB 13 + UB 9881 + UB 9806 + UB 9816 + UB 18700 + UB 31 + UB 26 + UB 20290 + UB 98 + UB 9838 + UB 9800 + UB 9703 + UB 3727 + UB 62 + UB 9444 + UB 9899 + UB 46 + UB 7734 + UB 7903 + UB 9247 + UB 8476 + UB 8393 + UB 35
https://d-nb.info/gnd/118642375,"Shaw, Bernard ",1.0,1.0,UB 9166
https://d-nb.info/gnd/11879695X,"Shelley, Mary ",1.0,1.0,UB 20127
https://d-nb.info/gnd/118765396,"Sillitoe, Alan ",1.0,1.0,UB 9192
https://d-nb.info/gnd/118614401,"Simenon, Georges ",1.0,1.0,UB 9291
https://d-nb.info/gnd/118891871,"Skármeta, Antonio ",5.0,2.0,UB 19706 + UB 19746 + UB 19706 + UB 19746 + UB 19706
https://d-nb.info/gnd/11549278X,"Smadja, Brigitte ",3.0,1.0,UB 19737 + UB 19737 + UB 19737
https://d-nb.info/gnd/118797816,"Snorri, Sturluson ",2.0,1.0,UB 782 + UB 782
https://d-nb.info/gnd/118642464,"Solženicyn, Aleksandr Isaevič ",1.0,1.0,UB 7945
https://d-nb.info/gnd/118615688,Sophocles ,14.0,10.0,UB 659 + UB 630 + UB 641 + UB 18973 + UB 711 + UB 659 + UB 7682 + UB 630 + UB 19022 + UB 19075 + UB 641 + UB 630 + UB 19595 + UB 14230
https://d-nb.info/gnd/118616587,"Stadler, Ernst ",1.0,1.0,UB 19204
https://d-nb.info/gnd/118617338,"Steinbeck, John ",1.0,1.0,UB 9253
https://d-nb.info/gnd/115007121,Steinunn Sigurðardóttir ,1.0,1.0,UB 26979
https://d-nb.info/gnd/11861794X,"Sterne, Laurence ",1.0,1.0,UB 18711
https://d-nb.info/gnd/118753711,"Stevenson, Robert Louis ",6.0,6.0,UB 20009 + UB 6649 + UB 19251 + UB 11121 + UB 19455 + UB 14425
https://d-nb.info/gnd/118618156,"Stifter, Adalbert ",16.0,12.0,UB 9932 + UB 3912 + UB 3911 + UB 18352 + UB 7963 + UB 18505 + UB 3861 + UB 4195 + UB 3911 + UB 3913 + UB 7602 + UB 3861 + UB 3912 + UB 18352 + UB 8990 + UB 14563
https://d-nb.info/gnd/118618725,"Storm, Theodor ",21.0,15.0,UB 6015 + UB 6013 + UB 6007 + UB 6014 + UB 6035 + UB 6144 + UB 6035 + UB 6080 + UB 6014 + UB 7668 + UB 6007 + UB 6013 + UB 6015 + UB 19203 + UB 6144 + UB 14003 + UB 14212 + UB 18867 + UB 14327 + UB 14316 + UB 14339
https://d-nb.info/gnd/11861911X,"Strauss, Richard  + Hofmannsthal, Hugo von ",2.0,1.0,UB 18353 + UB 18353
https://d-nb.info/gnd/118619314,"Strindberg, August ",5.0,4.0,UB 18266 + UB 2489 + UB 18910 + UB 18266 + UB 18915
https://d-nb.info/gnd/118619853,"Sudermann, Hermann ",1.0,1.0,UB 7825
https://d-nb.info/gnd/118620312,"Synge, J. M. ",1.0,1.0,UB 9211
https://d-nb.info/gnd/119022060,"Tabucchi, Antonio ",1.0,1.0,UB 19859
https://d-nb.info/gnd/119247224,"Tamaro, Susanna ",1.0,1.0,UB 19730
https://d-nb.info/gnd/12233275X,"Taylor, Kathrine Kressmann ",1.0,1.0,UB 9107
https://d-nb.info/gnd/118621335,"Terentius Afer, Publius ",1.0,1.0,UB 9848
https://d-nb.info/gnd/118622072,"Thoma, Ludwig ",2.0,2.0,UB 9951 + UB 19685
https://d-nb.info/gnd/118757261,"Thomas, Dylan ",1.0,1.0,UB 7930
https://d-nb.info/gnd/118622293,"Thoreau, Henry David ",2.0,1.0,UB 19074 + UB 19074
https://d-nb.info/gnd/118757407,"Thurber, James ",1.0,1.0,UB 9232
https://d-nb.info/gnd/118757377,"Thüring, von Ringoltingen ",3.0,1.0,UB 1484 + UB 1484 + UB 1484
https://d-nb.info/gnd/11862251X,"Tibullus, Albius ",3.0,1.0,UB 18131 + UB 18131 + UB 18131
https://d-nb.info/gnd/12989432X,"Tieck, Ludwig ",14.0,9.0,UB 8916 + UB 7732 + UB 18240 + UB 18348 + UB 8715 + UB 18240 + UB 18348 + UB 8916 + UB 7732 + UB 7732 + UB 1925 + UB 19629 + UB 14386 + UB 14332
https://d-nb.info/gnd/118623230,"Toller, Ernst ",4.0,2.0,UB 7950 + UB 18687 + UB 18687 + UB 18687
https://d-nb.info/gnd/11864291X,"Tolstoj, Lev Nikolaevič ",5.0,4.0,UB 8980 + UB 19839 + UB 8980 + UB 3373 + UB 2556
https://d-nb.info/gnd/120871114,"Tomasi di Lampedusa, Giuseppe ",1.0,1.0,UB 19799
https://d-nb.info/gnd/118623575,"Trakl, Georg ",3.0,2.0,UB 18132 + UB 8251 + UB 18132
https://d-nb.info/gnd/119362198,"Traxler, Hans ",1.0,1.0,UB 18547
https://d-nb.info/gnd/118624091,"Trollope, Anthony ",1.0,1.0,UB 19250
https://d-nb.info/gnd/11862444X,"Tucholsky, Kurt ",6.0,5.0,UB 18390 + UB 18392 + UB 18389 + UB 18389 + UB 18391 + UB 18806
https://d-nb.info/gnd/120243520,"Tuckermann, Anja ",1.0,1.0,UB 20030
https://d-nb.info/gnd/118624822,"Twain, Mark ",7.0,7.0,UB 18220 + UB 18878 + UB 19493 + UB 19612 + UB 19688 + UB 14211 + UB 14058
https://d-nb.info/gnd/118625063,"Uhland, Ludwig ",2.0,1.0,UB 3021 + UB 3021
https://d-nb.info/gnd/118625306,"Ulrich, von Lichtenstein ",1.0,1.0,UB 18290
https://d-nb.info/gnd/118625896,"Valentin, Karl ",2.0,2.0,UB 8941 + UB 14349
https://d-nb.info/gnd/118803964,"Vargas Llosa, Mario ",2.0,1.0,UB 19759 + UB 19759
https://d-nb.info/gnd/121145344,"Vargas, Fred ",3.0,1.0,UB 9136 + UB 9136 + UB 9136
https://d-nb.info/gnd/122427335,"Vater, Martin ",1.0,1.0,UB 1714
https://d-nb.info/gnd/118626353,"Vega, Lope de ",1.0,1.0,UB 8884
https://d-nb.info/gnd/118767933,"Venantius, Fortunatus ",1.0,1.0,UB 18559
https://d-nb.info/gnd/118626558,"Verga, Giovanni ",1.0,1.0,UB 2014
https://d-nb.info/gnd/118626574,"Vergilius Maro, Publius ",8.0,7.0,UB 18133 + UB 638 + UB 221 + UB 18918 + UB 19827 + UB 18133 + UB 14303 + UB 14393
https://d-nb.info/gnd/118804219,"Verlaine, Paul ",2.0,2.0,UB 20073 + UB 8479
https://d-nb.info/gnd/137532148,"Vigan, Delphine de ",2.0,1.0,UB 19791 + UB 19791
https://d-nb.info/gnd/11862721X,"Vischer, Friedrich Theodor ",1.0,1.0,UB 6208
https://d-nb.info/gnd/118627813,Voltaire ,4.0,3.0,UB 1725 + UB 9221 + UB 9221 + UB 6549
https://d-nb.info/gnd/119201259,"Vázquez Montalbán, Manuel ",1.0,1.0,UB 9141
https://d-nb.info/gnd/118628097,"Wackenroder, Wilhelm Heinrich  + Tieck, Ludwig ",2.0,1.0,UB 18348 + UB 18348
https://d-nb.info/gnd/11862833X,"Wagner, Heinrich Leopold ",3.0,2.0,UB 5698 + UB 5698 + UB 14330
https://d-nb.info/gnd/122240685,"Wallner, Michael ",2.0,2.0,UB 1715 + UB 20025
https://d-nb.info/gnd/118628860,"Walser, Robert ",2.0,1.0,UB 8851 + UB 8851
https://d-nb.info/gnd/118628976,"Walther, von der Vogelweide ",1.0,1.0,UB 19132
https://d-nb.info/gnd/118629387,"Wassermann, Jakob ",2.0,1.0,UB 6900 + UB 6900
https://d-nb.info/gnd/118765779,"Waugh, Evelyn ",1.0,1.0,UB 9233
https://d-nb.info/gnd/118629867,"Wedekind, Frank ",7.0,4.0,UB 7951 + UB 8578 + UB 7951 + UB 8567 + UB 7951 + UB 7951 + UB 14451
https://d-nb.info/gnd/118630369,"Weise, Christian ",1.0,1.0,UB 9327
https://d-nb.info/gnd/118643266,"Wells, H. G. ",3.0,3.0,UB 9176 + UB 19951 + UB 14429
https://d-nb.info/gnd/118631373,"Werfel, Franz ",1.0,1.0,UB 19166
https://d-nb.info/gnd/118631551,"Werner, der Gärtner ",3.0,3.0,UB 9498 + UB 19013 + UB 18978
https://d-nb.info/gnd/118807153,"Whitman, Walt ",1.0,1.0,UB 4891
https://d-nb.info/gnd/118632477,"Wieland, Christoph Martin ",7.0,5.0,UB 95 + UB 18163 + UB 18932 + UB 95 + UB 19004 + UB 9933 + UB 18163
https://d-nb.info/gnd/118632779,"Wilde, Oscar ",18.0,16.0,UB 18059 + UB 1717 + UB 9098 + UB 9114 + UB 8498 + UB 18568 + UB 18803 + UB 4497 + UB 9187 + UB 8498 + UB 8981 + UB 18568 + UB 5008 + UB 9019 + UB 19388 + UB 8641 + UB 11122 + UB 14422
https://d-nb.info/gnd/107711044,"Wilder, Billy  + Diamond, I. A. L. ",1.0,1.0,UB 19753
https://d-nb.info/gnd/118632795,"Wilder, Billy  + Diamond, I. A. L. ",1.0,1.0,UB 19753
https://d-nb.info/gnd/118632817,"Wilder, Thornton ",1.0,1.0,UB 9168
https://d-nb.info/gnd/118633333,"Williams, Tennessee ",3.0,3.0,UB 9240 + UB 9178 + UB 9039
https://d-nb.info/gnd/118634267,"Wittenwiler, Heinrich ",1.0,1.0,UB 8749
https://d-nb.info/gnd/120402769,"Wohlfart, Günter ",1.0,1.0,UB 9647
https://d-nb.info/gnd/118634674,"Wolf, Friedrich ",1.0,1.0,UB 18487
https://d-nb.info/gnd/118634933,"Wolfram, von Eschenbach ",3.0,2.0,UB 18243 + UB 18243 + UB 19462
https://d-nb.info/gnd/118635174,"Woolf, Virginia ",2.0,2.0,UB 9196 + UB 18886
https://d-nb.info/gnd/1073319687,"Wüllenweber, Petra ",1.0,1.0,UB 14401
https://d-nb.info/gnd/119432471,"Yates, Richard ",1.0,1.0,UB 19891
https://d-nb.info/gnd/118520768,Zhuangzi ,1.0,1.0,UB 18256
https://d-nb.info/gnd/122426681,"Zielke, Gerd ",1.0,1.0,UB 1718
https://d-nb.info/gnd/118637223,"Zola, Émile ",1.0,1.0,UB 4928
https://d-nb.info/gnd/118637479,"Zweig, Stefan ",11.0,8.0,UB 18975 + UB 18933 + UB 20277 + UB 19049 + UB 19288 + UB 19556 + UB 19049 + UB 18975 + UB 14020 + UB 14177 + UB 18975
https://d-nb.info/gnd/1061775313,"Çatak, Ilker  + Duncker, Johannes ",1.0,1.0,UB 14440
https://d-nb.info/gnd/1099996430,"Çatak, Ilker  + Duncker, Johannes ",1.0,1.0,UB 14440
https://d-nb.info/gnd/118638289,"Čechov, Anton Pavlovič ",13.0,13.0,UB 18615 + UB 18775 + UB 19797 + UB 18809 + UB 19817 + UB 7690 + UB 4454 + UB 8738 + UB 4264 + UB 5290 + UB 14006 + UB 7740 + UB 14017
https://d-nb.info/gnd/118716158,Ǧalāl-ad-Dīn Rūmī ,1.0,1.0,UB 8911
https://d-nb.info/gnd/118680935,"Ǧibrān, Ǧibrān Ḫalīl ",1.0,1.0,UB 19082
https://d-nb.info/gnd/118544632,Ḥāfiẓ ,2.0,1.0,UB 9420 + UB 9420
